date,model,rank,industry,reason
2026/6/1,GPT-5.3-mini,1,AI Agents,AI agents remain central as companies deploy autonomous workflows and tool using systems that reduce manual labor and increase automation across industries
2026/6/1,GPT-5.3-mini,2,AI Infrastructure,AI infrastructure is expanding rapidly as demand for training and inference capacity drives large scale investment in compute storage and orchestration systems
2026/6/1,GPT-5.3-mini,3,AI Chips,AI chips are a major focus due to competition in specialized accelerators that improve performance and energy efficiency for large models
2026/6/1,GPT-5.3-mini,4,AI Enterprise Software,Enterprise adoption of AI tools is accelerating as organizations integrate automation and copilots into core business workflows
2026/6/1,GPT-5.3-mini,5,AI Cloud Platforms,Cloud providers are central to AI deployment as they offer scalable model hosting and managed services for developers
2026/6/1,GPT-5.3-mini,6,AI Data Infrastructure,Data infrastructure is critical as companies invest in pipelines and labeling systems to support high quality model training data
2026/6/1,GPT-5.3-mini,7,AI Security,AI security is gaining attention as organizations address model safety vulnerabilities and protect against adversarial attacks
2026/6/1,GPT-5.3-mini,8,AI Consumer Applications,Consumer applications are growing in popularity as users engage with chatbots creative tools and personal assistants
2026/6/1,GPT-5.3-mini,9,Humanoid Robotics,Humanoid robotics is receiving increased attention due to advances in embodied AI and real world task automation
2026/6/1,GPT-5.3-mini,10,AI Research & Foundation Models,Foundation model research continues to drive breakthroughs in reasoning scaling and multimodal capabilities across systems
2026/6/1,Gemini,1,AI Agents,Discourse is heavily saturated with multi-agent orchestration and advanced autonomous workflows as models handle increasingly complex multi-step reasoning tasks.
2026/6/1,Gemini,2,AI Chips,Hardware bottlenecks and the launch of next-generation physical accelerators dominate industry investment narratives to sustain massive training and inference demands.
2026/6/1,Gemini,3,AI Infrastructure,Massive scale energy demands and data center scaling limits represent the primary bottleneck and core focus of global industry investment.
2026/6/1,Gemini,4,AI Research & Foundation Models,The race for multi-modal reasoning capability and post-training refinement methodologies continues to drive intense academic and commercial attention.
2026/6/1,Gemini,5,AI Enterprise Software,Corporate integration has shifted from experimental pilots to full-scale production deployment of customized corporate intelligence platforms.
2026/6/1,Gemini,6,AI Security,The proliferation of autonomous systems has dramatically accelerated research and investment into alignment vulnerability mitigation and robust jailbreak prevention.
2026/6/1,Gemini,7,AI Data Infrastructure,The severe shortage of high-quality training inputs has turned synthetic data generation and advanced vector pipeline architectures into critical operational priorities.
2026/6/1,Gemini,8,Humanoid Robotics,Recent breakthroughs in end-to-end physical control models have triggered immense capital allocation toward real-world embodiment systems.
2026/6/1,Gemini,9,AI Consumer Applications,Real-time voice interaction systems and persistent native digital assistants are redefining consumer engagement patterns across personal device ecosystems.
2026/6/1,Gemini,10,AI Healthcare,Clinical deployment of specialized multi-modal systems for automated diagnostics and accelerated molecular discovery workflows is capturing massive domain-specific investment.
2026/6/1,Claude,1,AI Agents,Autonomous agent frameworks and multi-agent orchestration dominate current discourse as enterprises race to deploy task-executing AI systems beyond simple chatbots.
2026/6/1,Claude,2,AI Research & Foundation Models,Frontier model releases and capability benchmarks continue to drive intense attention as labs compete on reasoning and multimodal performance.
2026/6/1,Claude,3,AI Infrastructure,Massive data center buildouts and GPU cluster investments are central to current capital allocation narratives across hyperscalers and startups alike.
2026/6/1,Claude,4,AI Chips,Custom silicon development from NVIDIA rivals and in-house chip programs at major tech firms sustains high research and investment focus.
2026/6/1,Claude,5,AI Enterprise Software,Enterprises are actively evaluating and deploying AI-native productivity and workflow tools driving significant procurement and integration activity.
2026/6/1,Claude,6,Humanoid Robotics,Physical AI and humanoid robot deployments in warehouses and manufacturing are attracting landmark funding rounds and engineering talent globally.
2026/6/1,Claude,7,AI Cloud Platforms,Cloud providers are aggressively expanding AI-specific services and model APIs making platform competition a dominant industry narrative.
2026/6/1,Claude,8,AI Healthcare,Clinical AI applications for diagnostics imaging and drug discovery are drawing regulatory attention and accelerating partnership announcements.
2026/6/1,Claude,9,AI Security,Adversarial AI threats and model security vulnerabilities are generating urgent discourse among enterprise security teams and government bodies.
2026/6/1,Claude,10,AI Finance,Trading risk modeling and regulatory compliance automation are current focal points as financial institutions scale AI adoption under scrutiny.
2026-06-01,Perplexity,1,AI Agents,Agentic AI is the dominant enterprise narrative with Gartner predicting 40% of enterprise apps will embed task-specific AI agents by end-2026 up from less than 5% in 2025 representing an 8x adoption surge [agentmarketcap](https://agentmarketcap.ai/blog/2026/04/06/enterprise-ai-agent-adoption-inflection-2026)
2026-06-01,Perplexity,2,AI Chips,NVIDIA holds 81% market share while AMD's data center revenue hit $5.8B in Q1 2026 up 57% YoY with GPU revenue forecast to grow 114% driven by unprecedented AI processor demand [intellectia](https://intellectia.ai/blog/ai-chip-stocks-investment-2026)
2026-06-03,Perplexity,3,AI Infrastructure,AI-related data center infrastructure requires $5.2 trillion investment by 2030 with global capacity expected to nearly double from 103GW to 200GW as AI workloads could represent 50% of capacity [avidsolutionsinc](https://avidsolutionsinc.com/13-data-center-growth-projections-that-will-shape-2026-2030/)
2026-06-01,Perplexity,4,AI Enterprise Software,Enterprise software is undergoing fundamental restructuring as AI becomes the fundamental infrastructure driving intelligent outcomes with agentic workflows now performing roughly half of human tasks [arielsoftwares](https://www.arielsoftwares.com/ai-trends-enterprise-software-2026/)
2026-06-01,Perplexity,5,AI Healthcare,Global AI healthcare market projected to reach $50-56 billion in 2026 up from $39 billion in 2025 at 38-44% CAGR with 1250+ FDA-cleared AI devices and active deployment in drug discovery [finance.yahoo](https://finance.yahoo.com/news/ai-life-sciences-market-2026-093500956.html)
2026-06-01,Perplexity,6,AI Finance,Financial institutions deploying autonomous AI agents across trading compliance risk management and lending with agentic automation enabling independent decision-making and portfolio optimization [technode](https://technode.global/2026/06/01/ai-agents-in-finance-how-autonomous-ai-is-reshaping-the-financial-industry-in-2026/)
2026-06-01,Perplexity,7,AI Security,nearly 80% of CISOs plan new investments in AI-powered cybersecurity tools in 2026 driven by sophisticated AI-generated attacks and security professional shortage with market growing at 19.5% CAGR [calcalistech](https://www.calcalistech.com/ctechnews/article/te4mdxjye)
2026-06-01,Perplexity,8,AI Cloud Platforms,AWS Azure and Google Cloud are in unprecedented arms race for AI workloads spending hundreds of billions in 2026 with AWS at 31% Azure at 28% and GCP at 12% market share [algeriatech](https://algeriatech.news/ai-cloud-wars-aws-azure-gcp-2026/)
2026-06-01,Perplexity,9,AI Research & Foundation Models,2026 features intense LLM race with GPT-5.2 Claude Opus 4.5 and Gemini 3 Pro leading different benchmarks while models become more specialized modular with million-token contexts routine [epcgroup](https://www.epcgroup.net/blog/generative-ai-frontier-models-gpt-claude-gemini-2026)
2026-06-01,Perplexity,10,Humanoid Robotics,Humanoid robots are finally an industry not demo reel with Figure Tesla 1X Apptronik shipping or about to ship and BMW Mercedes Amazon signing real pilot agreements for industrial deployment [aimagicx](https://www.aimagicx.com/blog/humanoid-robots-workplace-tesla-optimus-atlas-2026)
